USE BD_POSTO;

INSERT INTO DEPARTAMENTO (ID_DEPARTAMENTO, DESCRICAO) VALUES (1, 'ADMINISTRATIVO');
INSERT INTO DEPARTAMENTO (ID_DEPARTAMENTO, DESCRICAO) VALUES (2, 'CONVENIENCIA');
INSERT INTO DEPARTAMENTO (ID_DEPARTAMENTO, DESCRICAO) VALUES (3, 'PISTA');

INSERT INTO EMPREGADO (MATRICULA,CPF,RG,NOME,DATA_NASCIMENTO,SEXO,NOME_MAE,NOME_PAI,LOTACAO,GERENTE,CARGO,POSTO) 
			VALUES (1,'52776362005','11111','FERNANDO SOARES DE SIQUEIRA','1987-01-01','M','MARIA DA CONCEICAO SIQUEIRA','JOSE SOQUEIRA',1,NULL,'GERENTE GERAL',1);
INSERT INTO EMPREGADO (MATRICULA,CPF,RG,NOME,DATA_NASCIMENTO,SEXO,NOME_MAE,NOME_PAI,LOTACAO,GERENTE,CARGO,POSTO) 
			VALUES (2,'46766438100','22222','ANA FLAVIA MARINHO DE LIMA','1982-02-02','F','FRANCISCA DE LIMA','JOAO DE LIMA',3,1,'GERENTE DE PISTA',1);
INSERT INTO EMPREGADO (MATRICULA,CPF,RG,NOME,DATA_NASCIMENTO,SEXO,NOME_MAE,NOME_PAI,LOTACAO,GERENTE,CARGO,POSTO) 
			VALUES (3,'74441425481','33333','ANDRE BARROS PEREIRA','1988-03-03','M','ALINE PEREIRA','FRANCISCO PEREIRA',3,1,'FRENTISTA',1);
INSERT INTO EMPREGADO (MATRICULA,CPF,RG,NOME,DATA_NASCIMENTO,SEXO,NOME_MAE,NOME_PAI,LOTACAO,GERENTE,CARGO,POSTO) 
			VALUES (4,'85124558962','44444','ANTONIO LUIZ DE OLIVEIRA BARRETO','1980-04-04','M','LUIZA BARRETO','JOSE DA SILVA BARRETO',3,1,'LUBRIFICADOR',1);
INSERT INTO EMPREGADO (MATRICULA,CPF,RG,NOME,DATA_NASCIMENTO,SEXO,NOME_MAE,NOME_PAI,LOTACAO,GERENTE,CARGO,POSTO) 
			VALUES (5,'43662765187','55555','ATSLANDS REGO DA ROCHA','1985-05-05','M','MARY REGO ROCHA','ASTROGILDO ROCHA',2,1,'ATENDENTE DE LOJA',1);
INSERT INTO EMPREGADO (MATRICULA,CPF,RG,NOME,DATA_NASCIMENTO,SEXO,NOME_MAE,NOME_PAI,LOTACAO,GERENTE,CARGO,POSTO) 
			VALUES (6,'85350262238','66666','CARLOS ARTUR SOBREIRA ROCHA','1986-06-06','M','CARLA MARIA SOBREIRA','FRANCISCO ROCHA',1,NULL,'GERENTE GERAL',2);
INSERT INTO EMPREGADO (MATRICULA,CPF,RG,NOME,DATA_NASCIMENTO,SEXO,NOME_MAE,NOME_PAI,LOTACAO,GERENTE,CARGO,POSTO) 
			VALUES (7,'22882023197','77777','ELIESER SALES PEREIRA','1987-07-07','M','MARIA JOSEFA PEREIRA','TALES PEREIRA',3,6,'GERENTE DE PISTA',2);
INSERT INTO EMPREGADO (MATRICULA,CPF,RG,NOME,DATA_NASCIMENTO,SEXO,NOME_MAE,NOME_PAI,LOTACAO,GERENTE,CARGO,POSTO) 
			VALUES (8,'74416037147','88888','EMANUELE MARQUES','1988-08-08','F','ANGELA MARQUES','GILDO MARQUES',3,6,'FRENTISTA',2);
INSERT INTO EMPREGADO (MATRICULA,CPF,RG,NOME,DATA_NASCIMENTO,SEXO,NOME_MAE,NOME_PAI,LOTACAO,GERENTE,CARGO,POSTO) 
			VALUES (9,'57213488104','99999','ERICA ATEM GONCALVES DE ARAUJO COSTA','1989-09-09','F','LINDALVA ARAUJO COSTA','FIRMINO COSTA',3,6,'LUBRIFICADOR',2);
INSERT INTO EMPREGADO (MATRICULA,CPF,RG,NOME,DATA_NASCIMENTO,SEXO,NOME_MAE,NOME_PAI,LOTACAO,GERENTE,CARGO,POSTO) 
			VALUES (10,'88886638434','1010101010','JOAO JOSE DA SILVA XAVIER','1970-10-10','M','IVILA DA SILVA XAVIER','JOSUE DA SILVA XAVIER',2,6,'ATENDENTE DE LOJA',2);

INSERT INTO POSTO (ID_POSTO,NOME_FANTASIA,RAZAO_SOCIAL,CNPJ,TELEFONE,CPF_GERENTE) 
			VALUES (1,'POSTO SIQUEIRA DA ESTRADA','SIQUEIRA DA ESTRADA LTDA','29848140000104','(85)4006-7600','52776362005');
INSERT INTO POSTO (ID_POSTO,NOME_FANTASIA,RAZAO_SOCIAL,CNPJ,TELEFONE,CPF_GERENTE) 
			VALUES (2,'POSTO 7 DE SETEMBRO','SETE DE SETEMBRO LTDA','15440639000165','(85)4072-6005','85350262238');

INSERT INTO CLIENTE (ID_CLIENTE, TIPO, NOME, NOME_FANTASIA, RAZAO_SOCIAL, ENDERECO, TELEFONE, NUMERO_CNH, CPF_CNPJ) 
			VALUES (1,'F','ELIAN MAIA',NULL,NULL,'AV D, 61','(85)98291-3091','12345678','11111111111');
INSERT INTO CLIENTE (ID_CLIENTE, TIPO, NOME, NOME_FANTASIA, RAZAO_SOCIAL, ENDERECO, TELEFONE, NUMERO_CNH, CPF_CNPJ) 
			VALUES (2,'F','KILVIA MARIA',NULL,NULL,'RUA 49, 201','(85)99999-3333','55545678','22222222222');
INSERT INTO CLIENTE (ID_CLIENTE, TIPO, NOME, NOME_FANTASIA, RAZAO_SOCIAL, ENDERECO, TELEFONE, NUMERO_CNH, CPF_CNPJ) 
			VALUES (3,'F','JOSE DE PAIVA',NULL,NULL,'AV. BEZERRA DE MENEZES, 555','(85)95281-4333','12345678','33333333333');
INSERT INTO CLIENTE (ID_CLIENTE, TIPO, NOME, NOME_FANTASIA, RAZAO_SOCIAL, ENDERECO, TELEFONE, NUMERO_CNH, CPF_CNPJ) 
			VALUES (4,'F','JOÃO MOREIRA',NULL,NULL,'AV. DUQUE DE CAXIAS, 1530','(85)99992-4444','99999999','44444444444');
INSERT INTO CLIENTE (ID_CLIENTE, TIPO, NOME, NOME_FANTASIA, RAZAO_SOCIAL, ENDERECO, TELEFONE, NUMERO_CNH, CPF_CNPJ) 
			VALUES (5,'J',NULL,'ARMAZEM BRILHANTE','ISABEL BRILHANTE LTDA','AV JOÃO PESSOA, 200','(85)3444-5555','12345678','55555555555');
INSERT INTO CLIENTE (ID_CLIENTE, TIPO, NOME, NOME_FANTASIA, RAZAO_SOCIAL, ENDERECO, TELEFONE, NUMERO_CNH, CPF_CNPJ) 
			VALUES (6,'J',NULL,'J MACEDO','JOSE MACEDO SA','RUA MARCOS MACEDO, 1000, ALDEOTA','(85)4001-1010','55545678','66666666666');

INSERT INTO  DEPENDENTE_EMPREGADO (ID_DEP_EMP, NOME, CPF, GRAU_PARENTESCO, SEXO, DATA_NASCIMENTO, EMPREGADO_MATRICULA) 
			VALUES (1,'JOAQUIM JOSE DA SILVA XAVIER','10120230344','FILHO','M','1990-09-09',10);

INSERT INTO  DEPENDENTE_PF(ID_DEP_PF, NOME, ENDERECO, TELEFONE, NUMERO_CNH, CPF, ID_CLIENTE ) 
			VALUES (1,'RODRIGO MAIA','AV. D, 61','(85)98807-2195','123456','12345678911',1);

INSERT INTO  CONTA_BANCO (ID_CONTA_BANCO, BANCO, AGENCIA, CONTA_CORRENTE, ID_CLIENTE, ID_POSTO) 
			VALUES (1,'001','36463','123456',5,1);
INSERT INTO  CONTA_BANCO (ID_CONTA_BANCO, BANCO, AGENCIA, CONTA_CORRENTE, ID_CLIENTE, ID_POSTO) 
			VALUES (2,'232','12345','999999',6,2);

INSERT INTO  ABASTECIMENTO(ID_ABASTECIMENTO, DATA_ABASTECIMENTO, DATA_VENCIMENTO, DATA_PAGAMENTO, VALOR, TIPO_PAGAMENTO, ID_POSTO, ID_FRENTISTA, CPF_CNPJ_CLIENTE, ID_DEPENDENTE, NUM_CNH_DEPENDENTE) 
			VALUES (1,'2018-04-05','2018-05-05','2018-05-05',50.00,'DINHEIRO',1,3,'11111111111',NULL,NULL);
INSERT INTO  ABASTECIMENTO(ID_ABASTECIMENTO, DATA_ABASTECIMENTO, DATA_VENCIMENTO, DATA_PAGAMENTO, VALOR, TIPO_PAGAMENTO, ID_POSTO, ID_FRENTISTA, CPF_CNPJ_CLIENTE, ID_DEPENDENTE, NUM_CNH_DEPENDENTE) 
			VALUES (2,'2018-05-06','2018-05-05','2018-05-05',100.00,'CARTAO DE CREDITO',1,3,'22222222222',NULL,NULL);
INSERT INTO  ABASTECIMENTO(ID_ABASTECIMENTO, DATA_ABASTECIMENTO, DATA_VENCIMENTO, DATA_PAGAMENTO, VALOR, TIPO_PAGAMENTO, ID_POSTO, ID_FRENTISTA, CPF_CNPJ_CLIENTE, ID_DEPENDENTE, NUM_CNH_DEPENDENTE) 
			VALUES (3,'2018-04-05','2018-05-05','2018-05-05',50.00,'DINHEIRO',1,3,'11111111111',NULL,NULL);
INSERT INTO  ABASTECIMENTO(ID_ABASTECIMENTO, DATA_ABASTECIMENTO, DATA_VENCIMENTO, DATA_PAGAMENTO, VALOR, TIPO_PAGAMENTO, ID_POSTO, ID_FRENTISTA, CPF_CNPJ_CLIENTE, ID_DEPENDENTE, NUM_CNH_DEPENDENTE) 
			VALUES (4,'2018-05-06','2018-05-05','2018-05-05',100.00,'CARTAO DE CREDITO',1,3,'22222222222',NULL,NULL);
INSERT INTO  ABASTECIMENTO(ID_ABASTECIMENTO, DATA_ABASTECIMENTO, DATA_VENCIMENTO, DATA_PAGAMENTO, VALOR, TIPO_PAGAMENTO, ID_POSTO, ID_FRENTISTA, CPF_CNPJ_CLIENTE, ID_DEPENDENTE, NUM_CNH_DEPENDENTE) 
			VALUES (5,'2018-04-05','2018-05-05','2018-05-05',100.00,'DINHEIRO',1,3,NULL,1,'123456');
INSERT INTO  ABASTECIMENTO(ID_ABASTECIMENTO, DATA_ABASTECIMENTO, DATA_VENCIMENTO, DATA_PAGAMENTO, VALOR, TIPO_PAGAMENTO, ID_POSTO, ID_FRENTISTA, CPF_CNPJ_CLIENTE, ID_DEPENDENTE, NUM_CNH_DEPENDENTE) 
			VALUES (6,'2018-07-01','2018-06-05','2018-06-05',200.00,'CONVENIO',1,3,'55555555555',NULL,NULL);
INSERT INTO  ABASTECIMENTO(ID_ABASTECIMENTO, DATA_ABASTECIMENTO, DATA_VENCIMENTO, DATA_PAGAMENTO, VALOR, TIPO_PAGAMENTO, ID_POSTO, ID_FRENTISTA, CPF_CNPJ_CLIENTE, ID_DEPENDENTE, NUM_CNH_DEPENDENTE) 
			VALUES (7,'2018-08-02','2018-06-05','2018-06-05',500.00,'CONVENIO',2,8,'66666666666',NULL,NULL);
INSERT INTO  ABASTECIMENTO(ID_ABASTECIMENTO, DATA_ABASTECIMENTO, DATA_VENCIMENTO, DATA_PAGAMENTO, VALOR, TIPO_PAGAMENTO, ID_POSTO, ID_FRENTISTA, CPF_CNPJ_CLIENTE, ID_DEPENDENTE, NUM_CNH_DEPENDENTE) 
			VALUES (8,'2018-09-02','2018-06-05','2018-06-05',300.00,'CONVENIO',2,8,'66666666666',NULL,NULL);

INSERT INTO FIDELIDADE(ID_FIDELIDADE, DATA_HORA, QTD_PONTOS, ID_ABASTECIMENTO) 
			VALUES (1,'2018-04-05 15:00:00',2,1);
INSERT INTO FIDELIDADE(ID_FIDELIDADE, DATA_HORA, QTD_PONTOS, ID_ABASTECIMENTO) 
			VALUES (2,'2018-05-06 20:00:00',2,2);
INSERT INTO FIDELIDADE(ID_FIDELIDADE, DATA_HORA, QTD_PONTOS, ID_ABASTECIMENTO) 
			VALUES (3,'2018-04-05 20:00:00',2,3);
INSERT INTO FIDELIDADE(ID_FIDELIDADE, DATA_HORA, QTD_PONTOS, ID_ABASTECIMENTO) 
			VALUES (4,'2018-05-06 20:00:00',2,4);
INSERT INTO FIDELIDADE(ID_FIDELIDADE, DATA_HORA, QTD_PONTOS, ID_ABASTECIMENTO) 
			VALUES (5,'2018-04-05 16:00:00',1,5);

